library_generation_method	library_generation_protocol	library_generation_kit_version	pcr_target_locus	sequencing_platform	read_length	sequencing_facility	sequencing_run_id	sequencing_run_date	sequencing_kit	cell_processing_uuid	filename_uuid	nucleic_acid_processing_id
bias-controlled multiplex pcr	Adaptive Biotechnologies bias-controlled multiplex PCR	Immunoseq Intro Kit	TCRB	illumina MiSeq	87bp	Adaptive Biotechnologies				BR26T	BR26T.fasta	BR26T
bias-controlled multiplex pcr	Adaptive Biotechnologies bias-controlled multiplex PCR	Immunoseq Intro Kit	TCRB	illumina MiSeq	87bp	Adaptive Biotechnologies				BR26N	BR26N.fasta	BR26N
bias-controlled multiplex pcr	Adaptive Biotechnologies bias-controlled multiplex PCR	Immunoseq Intro Kit	TCRB	illumina MiSeq	87bp	Adaptive Biotechnologies				BR26B	BR26B.fasta	BR26B
bias-controlled multiplex pcr	Adaptive Biotechnologies bias-controlled multiplex PCR	Immunoseq Intro Kit	TCRB	illumina MiSeq	87bp	Adaptive Biotechnologies				BR20T	BR20T.fasta	BR20T
bias-controlled multiplex pcr	Adaptive Biotechnologies bias-controlled multiplex PCR	Immunoseq Intro Kit	TCRB	illumina MiSeq	87bp	Adaptive Biotechnologies				BR20N	BR20N.fasta	BR20N
bias-controlled multiplex pcr	Adaptive Biotechnologies bias-controlled multiplex PCR	Immunoseq Intro Kit	TCRB	illumina MiSeq	87bp	Adaptive Biotechnologies				BR20B	BR20B.fasta	BR20B
bias-controlled multiplex pcr	Adaptive Biotechnologies bias-controlled multiplex PCR	Immunoseq Intro Kit	TCRB	illumina MiSeq	87bp	Adaptive Biotechnologies				BR13T	BR13T.fasta	BR13T
bias-controlled multiplex pcr	Adaptive Biotechnologies bias-controlled multiplex PCR	Immunoseq Intro Kit	TCRB	illumina MiSeq	87bp	Adaptive Biotechnologies				BR13N	BR13N.fasta	BR13N
bias-controlled multiplex pcr	Adaptive Biotechnologies bias-controlled multiplex PCR	Immunoseq Intro Kit	TCRB	illumina MiSeq	87bp	Adaptive Biotechnologies				BR13B	BR13B.fasta	BR13B
