sample_id	subject_uuid	sample_type	tissue	anatomic_site	disease_state_sample	collection_time_point_relative	collection_time_point_reference	biomaterial_provider
BR13B	BR13	peripheral venous puncture	peripheral blood	peripheral blood	healthy			Stanford University
BR13N	BR13	biopsy	healthy breast	breast	healthy			Stanford University
BR13T	BR13	biopsy	tumor breast	breast	IDC			Stanford University
BR20B	BR20	peripheral venous puncture	peripheral blood	peripheral blood	healthy			Stanford University
BR20N	BR20	biopsy	healthy breast	breast	healthy			Stanford University
BR20T	BR20	biopsy	tumor breast	breast	ILC			Stanford University
BR26B	BR26	peripheral venous puncture	peripheral blood	peripheral blood	healthy			Stanford University
BR26N	BR26	biopsy	healthy breast	breast	healthy			Stanford University
BR26T	BR26	biopsy	tumor breast	breast	ILC			Stanford University
